INSERT INTO public.sys_group (id,"name",order_num,status,parent_id) VALUES
	 ('0001','人事部',0,'1','00'),
	 ('0002','后勤部',1,'1','00'),
	 ('0003','研发部',2,'1','00'),
	 ('000301','研发1部',0,'1','0003'),
	 ('000302','研发2部',1,'1','0003'),
	 ('000303','研发3部',2,'1','0003'),
	 ('00','总公司',0,'1','');
INSERT INTO public.sys_permission (id,"name","path","action","type",status,parent_id,order_num) VALUES
	 ('0000','仪表盘','/dashboard',NULL,'directory','1','',0),
	 ('0001','组件','/component',NULL,'menu','1','',1),
	 ('000100','通用组件','/component/general',NULL,'menu','1','0001',0),
	 ('000101','布局组件','/component/layout',NULL,'menu','1','0001',1),
	 ('000102','导航组件','/component/navigation',NULL,'menu','1','0001',2),
	 ('000103','显示组件','/component/display',NULL,'menu','1','0001',3),
	 ('000104','反馈组件','/component/feedback',NULL,'menu','1','0001',4),
	 ('000105','表单组件','/component/form',NULL,'menu','1','0001',5),
	 ('000106','表格组件','/component/table',NULL,'menu','1','0001',6),
	 ('000107','自定义组件','/component/custom',NULL,'menu','1','0001',7),
	 ('0002','图表','/chart',NULL,'menu','1','',2),
	 ('000200','Antv图表','/chart/antv',NULL,'menu','1','0002',0),
	 ('000201','D3图表','/chart/d3',NULL,'menu','1','0002',1),
	 ('000202','Echart图表','/chart/echart',NULL,'menu','1','0002',2),
	 ('000203','Rechart图表','/chart/rechart',NULL,'menu','1','0002',3),
	 ('0003','三维','/three',NULL,'menu','1','',3),
	 ('000300','Babylon图表','/three/babylon',NULL,'menu','1','0003',0),
	 ('000301','Three图表','/three/three',NULL,'menu','1','0003',1),
	 ('0004','地图','/map',NULL,'menu','1','',4),
	 ('000400','Cesium地图','/map/cesium',NULL,'menu','1','0004',0),
	 ('000401','Deckgl地图','/map/deckgl',NULL,'menu','1','0004',1),
	 ('000402','L7地图','/map/l7',NULL,'menu','1','0004',2),
	 ('000403','Leaflet地图','/map/leaflet',NULL,'menu','1','0004',3),
	 ('000404','Openlayers地图','/map/openlayers',NULL,'menu','1','0004',4),
	 ('0005','系统管理','/system',NULL,'menu','1','',5),
	 ('000500','用户管理','/system/user',NULL,'menu','1','0005',0),
	 ('000501','角色管理','/system/role',NULL,'menu','1','0005',1),
	 ('000502','权限管理','/system/permission',NULL,'menu','1','0005',2),
	 ('000503','组织管理','/system/group',NULL,'menu','1','0005',3),
	 ('00050000','新增','/system/user','add','action','1','000500',0),
	 ('00050001','删除','/system/user','delete','action','1','000500',1),
	 ('00050002','编辑','/system/user','edit','action','1','000500',2),
	 ('00050100','新增','/system/role','add','action','1','000501',0),
	 ('00050101','删除','/system/role','delete','action','1','000501',1),
	 ('00050102','编辑','/system/role','edit','action','1','000501',2),
	 ('00050200','新增','/system/group','add','action','1','000502',0),
	 ('00050201','删除','/system/group','delete','action','1','000502',1),
	 ('00050202','编辑','/system/group','edit','action','1','000502',2),
	 ('00050300','新增','/system/permission','add','action','1','000503',0),
	 ('00050301','删除','/system/permission','delete','action','1','000503',1),
	 ('00050302','编辑','/system/permission','edit','action','1','000503',2);
INSERT INTO public.sys_role (id,"name",status) VALUES
	 ('admin','管理员','1'),
	 ('user','用户','1'),
	 ('super','超级管理员','1');
INSERT INTO public.sys_role_permission (role_id,permission_id) VALUES
	 ('super','0000'),
	 ('super','0001'),
	 ('super','000100'),
	 ('super','000101'),
	 ('super','000102'),
	 ('super','000103'),
	 ('super','000104'),
	 ('super','000105'),
	 ('super','000106'),
	 ('super','000107'),
	 ('super','0002'),
	 ('super','000200'),
	 ('super','000201'),
	 ('super','000202'),
	 ('super','000203'),
	 ('super','0003'),
	 ('super','000300'),
	 ('super','000301'),
	 ('super','0004'),
	 ('super','000400'),
	 ('super','000401'),
	 ('super','000402'),
	 ('super','000403'),
	 ('super','000404'),
	 ('super','0005'),
	 ('super','000500'),
	 ('super','000501'),
	 ('super','000502'),
	 ('super','000503'),
	 ('super','00050000'),
	 ('super','00050001'),
	 ('super','00050002'),
	 ('super','00050100'),
	 ('super','00050101'),
	 ('super','00050102'),
	 ('super','00050300'),
	 ('super','00050301'),
	 ('super','00050302'),
	 ('super','00050400'),
	 ('super','00050401'),
	 ('super','00050402'),
	 ('admin','0005'),
	 ('admin','000500'),
	 ('admin','000501'),
	 ('admin','000502'),
	 ('admin','000503'),
	 ('admin','00050000'),
	 ('admin','00050001'),
	 ('admin','00050002'),
	 ('admin','00050100'),
	 ('admin','00050101'),
	 ('admin','00050102'),
	 ('admin','00050200'),
	 ('admin','00050201'),
	 ('admin','00050202'),
	 ('admin','00050300'),
	 ('admin','00050301'),
	 ('admin','00050302'),
	 ('user','0000');
INSERT INTO public.sys_user (id,"name",username,email,group_id,phone,status,"password") VALUES
	 ('100000001','用户1','user001','user001@example.com','0001','13800000001','1',NULL),
	 ('100000002','用户2','user002','user002@example.com','0002','13800000002','1',NULL),
	 ('100000003','用户3','user003','user003@example.com','0003','13800000003','1',NULL),
	 ('100000004','用户4','user004','user004@example.com','0001','13800000004','1',NULL),
	 ('100000005','用户5','user005','user005@example.com','0002','13800000005','1',NULL),
	 ('100000006','用户6','user006','user006@example.com','0003','13800000006','1',NULL),
	 ('100000007','用户7','user007','user007@example.com','0001','13800000007','1',NULL),
	 ('100000008','用户8','user008','user008@example.com','0002','13800000008','1',NULL),
	 ('100000009','用户9','user009','user009@example.com','0003','13800000009','1',NULL),
	 ('100000010','用户10','user010','user010@example.com','0001','13800000010','1',NULL),
	 ('100000011','用户11','user011','user011@example.com','0002','13800000011','1',NULL),
	 ('100000012','用户12','user012','user012@example.com','0003','13800000012','1',NULL),
	 ('100000013','用户13','user013','user013@example.com','0001','13800000013','1',NULL),
	 ('100000014','用户14','user014','user014@example.com','0002','13800000014','1',NULL),
	 ('100000016','用户16','user016','user016@example.com','0001','13800000016','1',NULL),
	 ('100000017','用户17','user017','user017@example.com','0002','13800000017','1',NULL),
	 ('100000018','用户18','user018','user018@example.com','0003','13800000018','1',NULL),
	 ('100000019','用户19','user019','user019@example.com','0001','13800000019','1',NULL),
	 ('100000020','用户20','user020','user020@example.com','0002','13800000020','1',NULL),
	 ('100000021','用户21','user021','user021@example.com','0003','13800000021','1',NULL),
	 ('100000022','用户22','user022','user022@example.com','0001','13800000022','1',NULL),
	 ('000000001','超级管理员','super','super@example.com','00','13000000001','1','{bcrypt}$2a$10$9BL0hXULJ18bZRJF3Gr51OFbzX7vqsYK0.z7gYWrCuRtvnaMXICP6'),
	 ('000000003','用户','user','user@example.com','00','13000000003','1','{bcrypt}$2a$10$mMD/.jaPIuG58osnAub.d.hZO4QOAB7jOXVg5LAULc4O9YbNELxXy'),
	 ('000000002','管理员','admin','admin@example.com','00','13000000002','1','{bcrypt}$2a$10$RV45X7iAB6F0BK95xOk0I.wo9gIbwOSYc8hG47yOU2wCtffDhyVYG'),
	 ('100000015','用户15','user015','user015@example.com','0003','13800000015','1',NULL),
	 ('100000023','用户23','user023','user023@example.com','0002','13800000023','1','{bcrypt}$2a$10$K/qdxM3aW2sJsInIwIcY0exc9kfBPfqHwnDmHDXRXwRUwwslyiiOa');
INSERT INTO public.sys_user_permission (user_id,permission_id) VALUES
	 ('000000001','0000');
INSERT INTO public.sys_user_role (user_id,role_id) VALUES
	 ('000000001','super'),
	 ('000000002','admin'),
	 ('000000003','user'),
	 ('000000001','admin'),
	 ('000000001','user');
